year,sockeye,coho,pink,chum,area
1900,2049011.00,297555.00,4321349.00,32952.00,southeast
1901,1363825.00,281440.00,7525090.00,NA,southeast
1902,2076647.00,235461.00,8100699.00,NA,southeast
1903,2060581.00,653569.00,5528547.00,NA,southeast
1904,3416470.00,517856.00,5178207.00,358378.00,southeast
1905,2610549.00,398981.00,3060358.00,1660981.00,southeast
1906,2620860.00,659220.00,7036374.00,1374459.00,southeast
1907,2201071.00,502646.00,11973899.00,1354929.00,southeast
1908,2544671.00,457860.00,13592326.00,1824637.00,southeast
1909,2791461.00,332376.00,9497508.00,699381.00,southeast
1910,2986886.00,646065.00,9425310.00,1996840.00,southeast
1911,2896988.00,901838.00,21408907.00,2784721.00,southeast
1912,3018060.00,1099442.00,22011191.00,5342331.00,southeast
1913,2218591.00,577189.00,25295606.00,2459777.00,southeast
1914,3501203.00,914809.00,12567376.00,5444154.00,southeast
1915,2825543.00,870535.00,30351380.00,3593040.00,southeast
1916,2381350.00,1587607.00,19940350.00,4741634.00,southeast
1917,2622899.00,1469396.00,40327465.00,6851774.00,southeast
1918,2821198.00,1629366.00,39287711.00,9352573.00,southeast
1919,3262799.00,1804055.00,24330891.00,9268489.00,southeast
1920,2743624.00,1148051.00,18121431.00,8613368.00,southeast
1921,1498933.00,911568.00,7735444.00,1846832.00,southeast
1922,1900123.00,1258885.00,24001889.00,3728616.00,southeast
1923,2410357.00,1342071.00,39879249.00,3912562.00,southeast
1924,2506115.00,1214898.00,30029343.00,7266500.00,southeast
1925,1843518.00,1211862.00,28246398.00,8188085.00,southeast
1926,2044708.00,1184658.00,32193383.00,6105808.00,southeast
1927,1444563.00,1284537.00,8163332.00,2219770.00,southeast
1928,1350871.00,2159409.00,36051196.00,4871346.00,southeast
1929,1901461.00,1368442.00,21848494.00,2626905.00,southeast
1930,2587439.00,1998507.00,43483232.00,2708504.00,southeast
1931,1823085.00,1152099.00,27243530.00,2850746.00,southeast
1932,1652065.00,1389406.00,22605600.00,5593734.00,southeast
1933,1010460.00,1223081.00,25783195.00,4547402.00,southeast
1934,1241883.00,1956014.00,50327890.00,3805510.00,southeast
1935,1892836.00,1759654.00,30247606.00,5083541.00,southeast
1936,2403397.00,1799813.00,50747387.00,7605896.00,southeast
1937,2187191.00,1399754.00,35166387.00,5556010.00,southeast
1938,2535417.00,2199625.00,30288240.00,4556394.00,southeast
1939,2487146.00,1122183.00,23721956.00,3388759.00,southeast
1940,1507340.00,1838309.00,29093692.00,4624767.00,southeast
1941,1674412.00,2515069.00,60061213.00,2959482.00,southeast
1942,1566489.00,2211103.00,33127200.00,5441724.00,southeast
1943,1123759.00,1680198.00,18038752.00,6833316.00,southeast
1944,1722276.00,1306203.00,19344068.00,6881172.00,southeast
1945,1683289.00,2587615.00,21654516.00,3318481.00,southeast
1946,888241.00,2366848.00,24821810.00,4010237.00,southeast
1947,746170.00,1546079.00,14041563.00,3360303.00,southeast
1948,524525.00,2145853.00,14352448.00,4004499.00,southeast
1949,489799.00,2279890.00,43920676.00,2894344.00,southeast
1950,552202.00,1651905.00,9423824.00,4778742.00,southeast
1951,819621.00,3310226.00,22220113.00,4123010.00,southeast
1952,919316.00,1743753.00,9802657.00,4178549.00,southeast
1953,1376454.00,1163581.00,4981409.00,3541901.00,southeast
1954,1220157.00,1770807.00,8909481.00,4243671.00,southeast
1955,747330.00,1338477.00,9333972.00,1528202.00,southeast
1956,914778.00,916542.00,13728271.00,2701261.00,southeast
1957,1071257.00,1218479.00,6857895.00,3413051.00,southeast
1958,1008235.00,955349.00,9837907.00,2787025.00,southeast
1959,890638.00,1024390.00,7851298.00,1291409.00,southeast
1960,588288.00,720808.00,2985021.00,1019152.00,southeast
1961,744484.00,889419.00,12637503.00,2559269.00,southeast
1962,772236.00,1222549.00,11585176.00,1996383.00,southeast
1963,677921.00,1274508.00,19145299.00,1478744.00,southeast
1964,923923.00,1587910.00,18581462.00,1936151.00,southeast
1965,1085318.00,1548265.00,10879934.00,1473867.00,southeast
1966,1054119.00,1227305.00,20438170.00,3273157.00,southeast
1967,971541.00,866226.00,3111251.00,1810412.00,southeast
1968,830775.00,1543095.00,25085399.00,2644259.00,southeast
1969,811576.00,596490.00,4869865.00,561418.00,southeast
1970,667908.00,758667.00,10657030.00,2445686.00,southeast
1971,623252.00,914382.00,9344805.00,1946102.00,southeast
1972,916720.00,1508534.00,12399784.00,2942365.00,southeast
1973,1011453.00,836348.00,6455162.00,1832173.00,southeast
1974,687398.00,1278179.00,4888753.00,1682603.00,southeast
1975,245191.00,427357.00,4026520.00,686615.00,southeast
1976,595259.00,823662.00,5329565.00,1030877.00,southeast
1977,1085143.00,944750.00,13843562.00,738723.00,southeast
1978,788319.00,1714508.00,21243378.00,868963.00,southeast
1979,1073885.00,1284635.00,10977908.00,888276.00,southeast
1980,1120416.00,1136685.00,14478306.00,1651187.00,southeast
1981,1079625.00,1406846.00,18967933.00,849692.00,southeast
1982,1489963.00,2043945.00,24190239.00,1329338.00,southeast
1983,1556536.00,1933897.00,37524005.00,1168287.00,southeast
1984,1213841.00,1843671.00,24630557.00,4089894.00,southeast
1985,1861462.00,2563864.00,51960425.00,3273189.00,southeast
1986,1442298.00,3403962.00,46156323.00,3359131.00,southeast
1987,1377707.00,1543119.00,10281145.00,2721509.00,southeast
1988,1460358.00,1046387.00,11206533.00,3533109.00,southeast
1989,2124840.00,2204044.00,59460203.00,1968894.00,southeast
1990,2155716.00,2868217.00,32342002.00,2217895.00,southeast
1991,2063586.00,3197003.00,61926339.00,3336043.00,southeast
1992,2666422.00,3696209.00,34963298.00,4936515.00,southeast
1993,3190960.00,3665435.00,57299350.00,7879868.00,southeast
1994,2392489.00,5721700.00,57274877.00,10403085.00,southeast
1995,1795331.00,3345678.00,47965506.00,11225693.00,southeast
1996,2799848.00,3156951.00,64629714.00,16043397.00,southeast
1997,2477394.00,1974427.00,28975224.00,11789139.00,southeast
1998,1375358.00,2989080.00,42535402.00,15695285.00,southeast
1999,1160730.00,3630234.00,77848284.00,14930932.00,southeast
2000,1229390.00,1957028.00,20313426.00,15910909.00,southeast
2001,2035230.00,3300932.00,67055991.00,8754416.00,southeast
2002,806447.00,3242516.00,45331007.00,7455007.00,southeast
2003,1525356.00,2498375.00,52515632.00,11115085.00,southeast
2004,2037745.00,3084663.00,45333012.00,11371623.00,southeast
2005,1607835.00,3002784.00,59182242.00,6427530.00,southeast
2006,1333496.00,2091875.00,11695411.00,13555280.00,southeast
2007,1904802.00,2062643.00,44884740.00,9417807.00,southeast
2008,436302.00,2381473.00,15974351.00,9053088.00,southeast
2009,925749.00,2635482.00,38101430.00,9660363.00,southeast
2010,720926.00,2587595.00,24303499.00,9475929.00,southeast
2011,1242445.00,2311332.00,59088287.00,10730140.00,southeast
2012,947219.00,2086721.00,21304390.00,12374853.00,southeast
2013,974665.00,3877145.00,94786940.00,12573032.00,southeast
2014,1669932.00,3791109.00,37194633.00,6679796.00,southeast
2015,1528774.00,2163943.00,35161426.00,11627334.00,southeast
2016,1505984.00,2332200.00,18395997.00,9117266.00,southeast
2017,801577.00,2884538.00,34826589.00,11430306.00,southeast
2018,636924.00,1603570.00,8096778.00,11484372.00,southeast
2019,1011740.00,1717764.00,21165714.00,9369771.00,southeast
2020,458000.00,1163000.00,8083000.00,4696000.00,southeast
2021,1117597.00,1505569.00,48212277.00,6988703.00,southeast
2022,1198899.00,1495547.00,18321958.00,10456795.00,southeast
2023,936908.00,1783688.00,47849148.00,15725616.00,southeast
2024,707531.00,906076.00,18247253.00,10323472.00,southeast
1900,854477.00,88175.00,50565.00,NA,prince.william.sound
1901,781438.00,313806.00,NA,NA,prince.william.sound
1902,800044.00,375408.00,NA,NA,prince.william.sound
1903,814345.00,398926.00,NA,NA,prince.william.sound
1904,734230.00,573967.00,NA,NA,prince.william.sound
1905,420000.00,NA,NA,NA,prince.william.sound
1906,380030.00,NA,NA,NA,prince.william.sound
1907,281249.00,252373.00,NA,NA,prince.william.sound
1908,18018.00,NA,NA,NA,prince.william.sound
1909,467100.00,NA,NA,NA,prince.william.sound
1910,290115.00,32560.00,196871.00,NA,prince.william.sound
1911,430689.00,53944.00,156349.00,NA,prince.william.sound
1912,544962.00,59801.00,401892.00,495.00,prince.william.sound
1913,518845.00,406.00,425574.00,70.00,prince.william.sound
1914,653509.00,55193.00,224906.00,NA,prince.william.sound
1915,976453.00,19013.00,465250.00,2175.00,prince.william.sound
1916,983130.00,217951.00,3316352.00,45985.00,prince.william.sound
1917,1305329.00,249042.00,2599408.00,370309.00,prince.william.sound
1918,1914469.00,254844.00,4308779.00,1342576.00,prince.william.sound
1919,1621117.00,203033.00,1008312.00,558522.00,prince.william.sound
1920,1146861.00,227167.00,5314747.00,260963.00,prince.william.sound
1921,783529.00,9693.00,12644.00,3499.00,prince.william.sound
1922,777690.00,8962.00,2421272.00,50517.00,prince.william.sound
1923,988286.00,51612.00,2447766.00,111582.00,prince.william.sound
1924,1036433.00,191350.00,8396087.00,385274.00,prince.william.sound
1925,310056.00,294802.00,4085310.00,780960.00,prince.william.sound
1926,406078.00,309056.00,11153883.00,587351.00,prince.william.sound
1927,459409.00,669166.00,6124911.00,655159.00,prince.william.sound
1928,714935.00,494676.00,8034200.00,468260.00,prince.william.sound
1929,1232961.00,249955.00,9613500.00,1282150.00,prince.william.sound
1930,1037002.00,705444.00,6776860.00,979800.00,prince.william.sound
1931,919570.00,146999.00,4860083.00,560271.00,prince.william.sound
1932,1086075.00,99856.00,3466435.00,350895.00,prince.william.sound
1933,755832.00,171801.00,3030586.00,285824.00,prince.william.sound
1934,1135529.00,100331.00,6792072.00,261479.00,prince.william.sound
1935,286770.00,113279.00,2618185.00,471050.00,prince.william.sound
1936,1065976.00,43783.00,9581539.00,218550.00,prince.william.sound
1937,1161270.00,105597.00,3334462.00,227468.00,prince.william.sound
1938,883856.00,52735.00,7547696.00,250224.00,prince.william.sound
1939,754277.00,43061.00,2078528.00,273053.00,prince.william.sound
1940,512160.00,318561.00,11542576.00,532327.00,prince.william.sound
1941,518959.00,613582.00,3785693.00,507538.00,prince.william.sound
1942,658618.00,773626.00,7003688.00,702472.00,prince.william.sound
1943,865458.00,259056.00,10815321.00,475877.00,prince.william.sound
1944,910554.00,359826.00,8346755.00,1208587.00,prince.william.sound
1945,999603.00,368001.00,11632238.00,1754087.00,prince.william.sound
1946,661140.00,442711.00,8026032.00,757173.00,prince.william.sound
1947,553489.00,344972.00,8077210.00,706189.00,prince.william.sound
1948,380846.00,301723.00,2460760.00,457618.00,prince.william.sound
1949,535172.00,288680.00,6089394.00,827665.00,prince.william.sound
1950,875036.00,220642.00,1850770.00,455947.00,prince.william.sound
1951,663599.00,248360.00,802998.00,549255.00,prince.william.sound
1952,1210640.00,228512.00,2167840.00,550754.00,prince.william.sound
1953,621532.00,66878.00,1996579.00,352760.00,prince.william.sound
1954,1105878.00,250341.00,12286.00,6344.00,prince.william.sound
1955,683750.00,228904.00,27072.00,4676.00,prince.william.sound
1956,738348.00,197582.00,4526585.00,507258.00,prince.william.sound
1957,637247.00,107081.00,650869.00,706888.00,prince.william.sound
1958,345110.00,125367.00,6298828.00,687448.00,prince.william.sound
1959,327166.00,191942.00,1175.00,67.00,prince.william.sound
1960,428733.00,238744.00,1842400.00,382178.00,prince.william.sound
1961,656911.00,195858.00,2299887.00,224508.00,prince.william.sound
1962,804324.00,262038.00,6744196.00,892395.00,prince.william.sound
1963,458460.00,339892.00,5296925.00,942985.00,prince.william.sound
1964,779991.00,352343.00,4207444.00,539109.00,prince.william.sound
1965,945020.00,168111.00,2461274.00,201406.00,prince.william.sound
1966,1130278.00,189873.00,2700135.00,426744.00,prince.william.sound
1967,565708.00,247239.00,2626916.00,274454.00,prince.william.sound
1968,721201.00,309694.00,2456710.00,343412.00,prince.william.sound
1969,1020513.00,94304.00,4829427.00,321221.00,prince.william.sound
1970,1243403.00,252641.00,2810642.00,231349.00,prince.william.sound
1971,741945.00,327697.00,7312730.00,579552.00,prince.william.sound
1972,976115.00,124670.00,57090.00,46088.00,prince.william.sound
1973,473044.00,199019.00,2065844.00,740017.00,prince.william.sound
1974,741340.00,76041.00,458619.00,89210.00,prince.william.sound
1975,546634.00,84109.00,4453041.00,101286.00,prince.william.sound
1976,1009071.00,160494.00,3022426.00,370657.00,prince.william.sound
1977,943943.00,179417.00,4536459.00,573166.00,prince.william.sound
1978,505509.00,312930.00,2917499.00,489771.00,prince.william.sound
1979,369583.00,315745.00,15638258.00,349615.00,prince.william.sound
1980,208724.00,337123.00,14161023.00,482214.00,prince.william.sound
1981,784469.00,397163.00,20558304.00,1888822.00,prince.william.sound
1982,2240128.00,630162.00,20402259.00,1336695.00,prince.william.sound
1983,761455.00,339644.00,13980330.00,1044472.00,prince.william.sound
1984,1253270.00,579814.00,21569914.00,1247023.00,prince.william.sound
1985,1429197.00,1023765.00,25129314.00,1288543.00,prince.william.sound
1986,1288212.00,425727.00,11410945.00,1705309.00,prince.william.sound
1987,1742059.00,175652.00,29358842.00,1953777.00,prince.william.sound
1988,768347.00,478531.00,11831407.00,1850523.00,prince.william.sound
1989,1153805.00,424953.00,21844632.00,1001378.00,prince.william.sound
1990,911607.00,524299.00,44165077.00,967384.00,prince.william.sound
1991,1734544.00,641861.00,37135561.00,352321.00,prince.william.sound
1992,1771612.00,619572.00,8637116.00,334376.00,prince.william.sound
1993,1851133.00,445612.00,5761097.00,1186365.00,prince.william.sound
1994,1515320.00,1058175.00,36886301.00,1058227.00,prince.william.sound
1995,1523464.00,965017.00,16065231.00,758545.00,prince.william.sound
1996,3000602.00,459319.00,26048812.00,2103559.00,prince.william.sound
1997,4163400.00,83116.00,25836563.00,2227193.00,prince.william.sound
1998,1717275.00,194680.00,28694697.00,1271950.00,prince.william.sound
1999,2036707.00,170076.00,45013533.00,2960822.00,prince.william.sound
2000,1431540.00,714288.00,38885528.00,5163769.00,prince.william.sound
2001,2263274.00,494179.00,35246524.00,3099796.00,prince.william.sound
2002,2263328.00,650518.00,18950931.00,6373517.00,prince.william.sound
2003,2730016.00,521917.00,51975683.00,3803623.00,prince.william.sound
2004,1892525.00,619884.00,23531483.00,2001918.00,prince.william.sound
2005,1988771.00,536675.00,59896419.00,1996956.00,prince.william.sound
2006,2524501.00,763720.00,21722036.00,2181580.00,prince.william.sound
2007,3228937.00,328640.00,63464644.00,3578941.00,prince.william.sound
2008,1301067.00,550629.00,42353653.00,5075195.00,prince.william.sound
2009,1919145.00,300615.00,18358203.00,3220813.00,prince.william.sound
2010,1994585.00,357167.00,71178516.00,4348638.00,prince.william.sound
2011,3466741.00,343175.00,32699946.00,1841404.00,prince.william.sound
2012,3680451.00,201858.00,26749258.00,3746053.00,prince.william.sound
2013,2367814.00,644532.00,89305125.00,3884041.00,prince.william.sound
2014,3305224.00,615676.00,44309676.00,1536940.00,prince.william.sound
2015,3399979.00,217500.00,98031980.00,2526771.00,prince.william.sound
2016,2891240.00,477360.00,11988842.00,1977727.00,prince.william.sound
2017,1437461.00,558955.00,48591211.00,5391052.00,prince.william.sound
2018,1301783.00,509139.00,23937345.00,3437803.00,prince.william.sound
2019,2555000.00,504000.00,47446000.00,5342000.00,prince.william.sound
2020,942000.00,289000.00,23004000.00,2017000.00,prince.william.sound
2021,1240249.00,257016.00,66339167.00,2708132.00,prince.william.sound
2022,1568688.00,100786.00,24546733.00,2403226.00,prince.william.sound
2023,1752776.00,185555.00,46846628.00,3908243.00,prince.william.sound
2024,2813846.00,160171.00,5023801.00,1159162.00,prince.william.sound
1900,585309.00,20000.00,NA,NA,cook.inlet
1901,482406.00,8967.00,5591.00,NA,cook.inlet
1902,710280.00,54864.00,79246.00,NA,cook.inlet
1903,564189.00,58968.00,NA,NA,cook.inlet
1904,489348.00,23800.00,NA,NA,cook.inlet
1905,95547.00,NA,NA,NA,cook.inlet
1906,225506.00,93485.00,64100.00,NA,cook.inlet
1907,460620.00,177276.00,6420.00,NA,cook.inlet
1908,670774.00,94936.00,375140.00,NA,cook.inlet
1909,582562.00,88350.00,3740.00,NA,cook.inlet
1910,840187.00,79702.00,217666.00,1318.00,cook.inlet
1911,1249154.00,87909.00,70665.00,749.00,cook.inlet
1912,1194888.00,70567.00,1661874.00,121628.00,cook.inlet
1913,1369196.00,81484.00,10926.00,10813.00,cook.inlet
1914,1472829.00,188341.00,1255798.00,39905.00,cook.inlet
1915,1860684.00,122028.00,19308.00,27833.00,cook.inlet
1916,1699323.00,209978.00,1682672.00,128322.00,cook.inlet
1917,1659907.00,60776.00,54286.00,78468.00,cook.inlet
1918,1668394.00,251151.00,721231.00,108200.00,cook.inlet
1919,943694.00,172855.00,43447.00,54333.00,cook.inlet
1920,1314916.00,302353.00,445524.00,97541.00,cook.inlet
1921,983625.00,20519.00,4717.00,42409.00,cook.inlet
1922,860019.00,199923.00,637405.00,74389.00,cook.inlet
1923,1099465.00,142926.00,39146.00,23481.00,cook.inlet
1924,1056090.00,187656.00,752016.00,36755.00,cook.inlet
1925,1510861.00,198146.00,11828.00,15064.00,cook.inlet
1926,1999720.00,353173.00,586054.00,118455.00,cook.inlet
1927,1459068.00,387746.00,251866.00,59380.00,cook.inlet
1928,1172959.00,522509.00,568052.00,101086.00,cook.inlet
1929,1049851.00,184858.00,376863.00,134601.00,cook.inlet
1930,917882.00,498475.00,1022679.00,99630.00,cook.inlet
1931,805526.00,328294.00,472221.00,62628.00,cook.inlet
1932,1131958.00,374976.00,441125.00,64749.00,cook.inlet
1933,1336135.00,187972.00,118187.00,57245.00,cook.inlet
1934,1815267.00,251260.00,929992.00,91319.00,cook.inlet
1935,1355787.00,170438.00,430540.00,161424.00,cook.inlet
1936,2390281.00,328496.00,852924.00,264909.00,cook.inlet
1937,1581183.00,215700.00,487692.00,148869.00,cook.inlet
1938,2425253.00,213804.00,848733.00,191328.00,cook.inlet
1939,2334904.00,163010.00,319312.00,231645.00,cook.inlet
1940,1648952.00,478096.00,2604235.00,280831.00,cook.inlet
1941,1293234.00,359224.00,715211.00,272345.00,cook.inlet
1942,1540185.00,644823.00,965507.00,400989.00,cook.inlet
1943,1468279.00,279852.00,1457161.00,301899.00,cook.inlet
1944,1939932.00,256621.00,1815441.00,258840.00,cook.inlet
1945,1556713.00,329828.00,1367950.00,305901.00,cook.inlet
1946,1474473.00,581374.00,1338731.00,383563.00,cook.inlet
1947,1473973.00,443879.00,681731.00,279227.00,cook.inlet
1948,2035306.00,408079.00,1660147.00,439314.00,cook.inlet
1949,2153213.00,279701.00,433003.00,238646.00,cook.inlet
1950,2642374.00,351366.00,1132164.00,463507.00,cook.inlet
1951,2481346.00,284715.00,417485.00,292293.00,cook.inlet
1952,1510214.00,233771.00,2277019.00,450580.00,cook.inlet
1953,1490062.00,227612.00,550073.00,536639.00,cook.inlet
1954,1246672.00,336685.00,2460051.00,775659.00,cook.inlet
1955,1064128.00,180452.00,1286008.00,317053.00,cook.inlet
1956,1295095.00,207534.00,1803295.00,870269.00,cook.inlet
1957,670629.00,127199.00,306841.00,1207920.00,cook.inlet
1958,496842.00,241561.00,2598314.00,596179.00,cook.inlet
1959,634313.00,112664.00,137255.00,411157.00,cook.inlet
1960,948040.00,314153.00,2023252.00,776079.00,cook.inlet
1961,1185079.00,119397.00,337394.00,405221.00,cook.inlet
1962,1172859.00,358051.00,4960030.00,1149841.00,cook.inlet
1963,958101.00,203876.00,234052.00,525537.00,cook.inlet
1964,990709.00,462114.00,4287378.00,1402419.00,cook.inlet
1965,1426352.00,154481.00,139561.00,344521.00,cook.inlet
1966,1867323.00,295101.00,2585820.00,660887.00,cook.inlet
1967,1409106.00,180455.00,407717.00,382282.00,cook.inlet
1968,1200146.00,475333.00,2863638.00,1194248.00,cook.inlet
1969,815050.00,101575.00,235866.00,331058.00,cook.inlet
1970,753526.00,280156.00,1388179.00,999325.00,cook.inlet
1971,658537.00,105197.00,428495.00,475631.00,cook.inlet
1972,937721.00,83167.00,657243.00,705691.00,cook.inlet
1973,699234.00,106521.00,633587.00,783086.00,cook.inlet
1974,524613.00,206639.00,534331.00,416050.00,cook.inlet
1975,712960.00,233583.00,1399791.00,973442.00,cook.inlet
1976,1722309.00,211926.00,1393189.00,520629.00,cook.inlet
1977,2154078.00,195847.00,1846337.00,1379511.00,cook.inlet
1978,2778071.00,225307.00,2041659.00,645477.00,cook.inlet
1979,988832.00,287778.00,3049154.00,873385.00,cook.inlet
1980,1643039.00,285923.00,2676133.00,463167.00,cook.inlet
1981,1549532.00,495187.00,3406347.00,1169635.00,cook.inlet
1982,3391184.00,840829.00,1342237.00,1632051.00,cook.inlet
1983,5237378.00,527697.00,997778.00,1307177.00,cook.inlet
1984,2377312.00,466842.00,1318097.00,776516.00,cook.inlet
1985,4315853.00,658572.00,1317455.00,799288.00,cook.inlet
1986,5026933.00,775438.00,2709251.00,1217505.00,cook.inlet
1987,9718105.00,462745.00,310820.00,508534.00,cook.inlet
1988,7164900.00,568609.00,1395768.00,1034806.00,cook.inlet
1989,5174397.00,350587.00,1364368.00,133356.00,cook.inlet
1990,3808605.00,509394.00,987300.00,358148.00,cook.inlet
1991,2480572.00,438577.00,741152.00,304430.00,cook.inlet
1992,9284997.00,474355.00,1175629.00,296506.00,cook.inlet
1993,4966031.00,311680.00,558225.00,127137.00,cook.inlet
1994,3681027.00,596858.00,2171363.00,308646.00,cook.inlet
1995,3217519.00,461879.00,2982042.00,545064.00,cook.inlet
1996,4339378.00,332673.00,695701.00,160284.00,cook.inlet
1997,4417168.00,161245.00,2885376.00,108944.00,cook.inlet
1998,1503546.00,174787.00,2009556.00,100351.00,cook.inlet
1999,3157297.00,132854.00,1156664.00,182495.00,cook.inlet
2000,1544811.00,238167.00,1533788.00,200323.00,cook.inlet
2001,2035779.00,116065.00,665491.00,173463.00,cook.inlet
2002,3062408.00,250487.00,2417021.00,281208.00,cook.inlet
2003,4118143.00,107421.00,904910.00,156453.00,cook.inlet
2004,5057167.00,317869.00,2875494.00,352844.00,cook.inlet
2005,5470075.00,227477.00,2354833.00,168342.00,cook.inlet
2006,2416291.00,206298.00,1875688.00,135987.00,cook.inlet
2007,3682733.00,180808.00,434431.00,79017.00,cook.inlet
2008,2787525.00,173210.00,675068.00,226045.00,cook.inlet
2009,2325324.00,154188.00,1203668.00,156785.00,cook.inlet
2010,2920941.00,208141.00,570917.00,323618.00,cook.inlet
2011,5670749.00,95443.00,396029.00,161098.00,cook.inlet
2012,3320419.00,106957.00,725865.00,325167.00,cook.inlet
2013,2852960.00,266534.00,2146960.00,193767.00,cook.inlet
2014,2615052.00,138210.00,914504.00,189642.00,cook.inlet
2015,2894837.00,220851.00,6436787.00,389429.00,cook.inlet
2016,2657452.00,149127.00,482108.00,197922.00,cook.inlet
2017,2141956.00,317356.00,2161699.00,442708.00,cook.inlet
2018,1184976.00,236066.00,1690684.00,178411.00,cook.inlet
2019,1975333.00,158584.00,2048406.00,178621.00,cook.inlet
2020,877000.00,143000.00,2861000.00,43000.00,cook.inlet
2021,1680215.00,150991.00,2052708.00,97673.00,cook.inlet
2022,1419113.00,103630.00,503999.00,153262.00,cook.inlet
2023,1927183.00,84769.00,2730690.00,166591.00,cook.inlet
2024,2013787.00,25310.00,55735.00,75662.00,cook.inlet
1882,58800.00,NA,NA,NA,kodiak
1883,188706.00,NA,NA,NA,kodiak
1884,282184.00,NA,NA,NA,kodiak
1885,468580.00,NA,NA,NA,kodiak
1886,646100.00,NA,NA,NA,kodiak
1887,1004500.00,NA,NA,NA,kodiak
1888,2781100.00,NA,NA,NA,kodiak
1889,3754735.00,NA,NA,NA,kodiak
1890,3592707.00,NA,NA,NA,kodiak
1891,3846388.00,NA,NA,NA,kodiak
1892,3126459.00,NA,NA,NA,kodiak
1893,3244609.00,NA,NA,NA,kodiak
1894,3830336.00,NA,NA,NA,kodiak
1895,2246966.00,8321.00,NA,NA,kodiak
1896,3328846.00,NA,NA,NA,kodiak
1897,2785515.00,1500.00,NA,NA,kodiak
1898,2033094.00,19175.00,NA,NA,kodiak
1899,1934771.00,32475.00,NA,NA,kodiak
1900,3450480.00,32239.00,NA,NA,kodiak
1901,4826159.00,NA,2015.00,NA,kodiak
1902,3868101.00,34972.00,NA,NA,kodiak
1903,1826163.00,119541.00,10000.00,NA,kodiak
1904,2875118.00,103136.00,5180.00,NA,kodiak
1905,2142367.00,86913.00,NA,NA,kodiak
1906,3980462.00,23738.00,NA,NA,kodiak
1907,4232454.00,38059.00,NA,NA,kodiak
1908,2487848.00,73789.00,286374.00,NA,kodiak
1909,1915230.00,51500.00,153595.00,NA,kodiak
1910,1954717.00,44291.00,215382.00,NA,kodiak
1911,2685949.00,21870.00,229551.00,6492.00,kodiak
1912,2246467.00,17491.00,547171.00,24588.00,kodiak
1913,1663163.00,27634.00,590039.00,3822.00,kodiak
1914,1255444.00,32063.00,1726411.00,13094.00,kodiak
1915,1664426.00,51819.00,252073.00,20331.00,kodiak
1916,3373055.00,49683.00,3181890.00,28962.00,kodiak
1917,3645914.00,30485.00,225335.00,15961.00,kodiak
1918,1894466.00,78169.00,2467325.00,81699.00,kodiak
1919,1619101.00,104233.00,282715.00,60102.00,kodiak
1920,1957636.00,88970.00,1977421.00,55175.00,kodiak
1921,2857922.00,45764.00,67688.00,24779.00,kodiak
1922,1097359.00,119724.00,2766257.00,223970.00,kodiak
1923,1090117.00,77554.00,928510.00,38653.00,kodiak
1924,1407525.00,120686.00,5435091.00,117883.00,kodiak
1925,1693057.00,92960.00,2673675.00,212492.00,kodiak
1926,3015366.00,174475.00,4606694.00,324706.00,kodiak
1927,1155202.00,151548.00,5297305.00,417956.00,kodiak
1928,1592003.00,290645.00,1535313.00,726480.00,kodiak
1929,712126.00,144226.00,6108402.00,1057662.00,kodiak
1930,466409.00,228800.00,1651398.00,419011.00,kodiak
1931,1183074.00,170075.00,6839906.00,183737.00,kodiak
1932,1058446.00,52192.00,4719939.00,237023.00,kodiak
1933,1428373.00,91428.00,6573660.00,536935.00,kodiak
1934,1828953.00,89588.00,7641891.00,661341.00,kodiak
1935,1613519.00,76849.00,10780612.00,381753.00,kodiak
1936,2657195.00,183903.00,5647726.00,328218.00,kodiak
1937,1881304.00,164902.00,16787150.00,346238.00,kodiak
1938,1965943.00,154959.00,8397981.00,640119.00,kodiak
1939,1786445.00,112171.00,11741218.00,641693.00,kodiak
1940,1318233.00,148016.00,9997899.00,673265.00,kodiak
1941,1730201.00,199515.00,7601531.00,444521.00,kodiak
1942,1281529.00,106865.00,6092526.00,564924.00,kodiak
1943,1990557.00,59661.00,12479608.00,454205.00,kodiak
1944,1817875.00,51675.00,4955354.00,506703.00,kodiak
1945,2041090.00,60122.00,9044544.00,559332.00,kodiak
1946,838863.00,56425.00,9545871.00,298486.00,kodiak
1947,993394.00,76230.00,8856666.00,294518.00,kodiak
1948,1260465.00,32364.00,5968487.00,330795.00,kodiak
1949,892336.00,53737.00,4927779.00,699548.00,kodiak
1950,920885.00,40653.00,5304701.00,685109.00,kodiak
1951,467875.00,48792.00,2100377.00,483057.00,kodiak
1952,603677.00,51567.00,4576726.00,1243227.00,kodiak
1953,317150.00,41681.00,5174645.00,547574.00,kodiak
1954,325157.00,66430.00,8439231.00,1250833.00,kodiak
1955,164482.00,34582.00,10794164.00,482425.00,kodiak
1956,271249.00,52844.00,3318841.00,705047.00,kodiak
1957,234253.00,34995.00,4716482.00,1208472.00,kodiak
1958,288014.00,20555.00,4038938.00,930698.00,kodiak
1959,330087.00,14512.00,1967058.00,733784.00,kodiak
1960,362525.00,54308.00,6737817.00,1300386.00,kodiak
1961,407979.00,28579.00,3926023.00,518935.00,kodiak
1962,784664.00,54583.00,14113851.00,794727.00,kodiak
1963,407040.00,57011.00,5480158.00,305061.00,kodiak
1964,498488.00,35535.00,12044341.00,1134163.00,kodiak
1965,346237.00,26672.00,2886831.00,431340.00,kodiak
1966,631646.00,67700.00,10755582.00,762766.00,kodiak
1967,308756.00,10354.00,187813.00,226681.00,kodiak
1968,760393.00,56629.00,8768122.00,750428.00,kodiak
1969,591481.00,48759.00,12500823.00,534933.00,kodiak
1970,917045.00,66421.00,12035549.00,919102.00,kodiak
1971,478479.00,22844.00,4334492.00,1541444.00,kodiak
1972,222408.00,16587.00,2478064.00,1163426.00,kodiak
1973,167341.00,3573.00,511708.00,317921.00,kodiak
1974,418761.00,13631.00,2647196.00,249294.00,kodiak
1975,136418.00,23659.00,2942801.00,84431.00,kodiak
1976,641484.00,23714.00,11077992.00,740495.00,kodiak
1977,623468.00,27920.00,6252405.00,1072313.00,kodiak
1978,1071782.00,48795.00,15004065.00,814345.00,kodiak
1979,630756.00,140629.00,11285809.00,358336.00,kodiak
1980,651394.00,139154.00,17290615.00,1075557.00,kodiak
1981,1288949.00,121544.00,10336747.00,1345313.00,kodiak
1982,1203787.00,344823.00,8089780.00,1262587.00,kodiak
1983,1231989.00,157612.00,4603371.00,1085165.00,kodiak
1984,1950439.00,229524.00,10844293.00,649092.00,kodiak
1985,1842731.00,284166.00,7334825.00,430757.00,kodiak
1986,3188046.00,168690.00,11807727.00,1134372.00,kodiak
1987,1794224.00,192433.00,4920365.00,680994.00,kodiak
1988,2698349.00,303267.00,14262355.00,1426400.00,kodiak
1989,1289511.00,2599.00,6825124.00,19972.00,kodiak
1990,5247569.00,293819.00,5983812.00,577748.00,kodiak
1991,5702754.00,324860.00,16642836.00,1029057.00,kodiak
1992,4166762.00,280085.00,3310639.00,679540.00,kodiak
1993,4377523.00,313467.00,34019390.00,588328.00,kodiak
1994,2876878.00,296311.00,8162564.00,738851.00,kodiak
1995,4487568.00,307795.00,42849294.00,1522786.00,kodiak
1996,4968954.00,201836.00,3486930.00,543729.00,kodiak
1997,2503423.00,381005.00,11035023.00,520264.00,kodiak
1998,3623031.00,425143.00,22062465.00,316107.00,kodiak
1999,4650738.00,296979.00,11898307.00,913817.00,kodiak
2000,2905403.00,332998.00,9927374.00,1194414.00,kodiak
2001,2657601.00,407977.00,19567052.00,1053691.00,kodiak
2002,1824848.00,496073.00,18327818.00,650144.00,kodiak
2003,4041886.00,339457.00,14065615.00,1151757.00,kodiak
2004,4165880.00,489871.00,21440641.00,1121855.00,kodiak
2005,3047142.00,396030.00,30139434.00,477416.00,kodiak
2006,1583876.00,553524.00,31693347.00,1081989.00,kodiak
2007,2012564.00,356063.00,24809213.00,728912.00,kodiak
2008,1819143.00,300793.00,8788655.00,908035.00,kodiak
2009,1726971.00,288744.00,27648943.00,955808.00,kodiak
2010,1436606.00,266431.00,8864796.00,734806.00,kodiak
2011,2266651.00,188474.00,16642402.00,823202.00,kodiak
2012,2232441.00,208514.00,16873244.00,866381.00,kodiak
2013,2573757.00,268799.00,28192164.00,794054.00,kodiak
2014,3259037.00,472035.00,10674898.00,336572.00,kodiak
2015,3097344.00,396145.00,33024992.00,770539.00,kodiak
2016,2063566.00,206542.00,3280808.00,403881.00,kodiak
2017,2476502.00,366395.00,27103276.00,1891299.00,kodiak
2018,1820350.00,438065.00,5946894.00,463834.00,kodiak
2019,2176572.00,393812.00,32973151.00,547178.00,kodiak
2020,1524000.00,441000.00,21551000.00,368000.00,kodiak
2021,3290941.00,306329.00,26176895.00,409339.00,kodiak
2022,2365236.00,88293.00,15221647.00,550409.00,kodiak
2023,2558398.00,265918.00,24744333.00,827907.00,kodiak
2024,1416565.00,60173.00,7082015.00,489110.00,kodiak
1900,1047371.00,2053.00,52350.00,1200.00,chignik
1901,907350.00,6501.00,40484.00,NA,chignik
1902,1782015.00,NA,NA,NA,chignik
1903,1149990.00,8616.00,84097.00,NA,chignik
1904,1689642.00,NA,27785.00,NA,chignik
1905,1297114.00,NA,NA,NA,chignik
1906,1323584.00,NA,NA,NA,chignik
1907,1622987.00,800.00,NA,NA,chignik
1908,1630677.00,NA,NA,NA,chignik
1909,1730804.00,NA,NA,NA,chignik
1910,1314672.00,36907.00,17170.00,NA,chignik
1911,1077595.00,7788.00,23128.00,14788.00,chignik
1912,1330832.00,18979.00,55099.00,28232.00,chignik
1913,833220.00,23773.00,30080.00,91152.00,chignik
1914,1056629.00,34475.00,80080.00,32388.00,chignik
1915,1330031.00,29617.00,55665.00,65350.00,chignik
1916,1002911.00,45899.00,267148.00,88778.00,chignik
1917,1456676.00,13323.00,9583.00,124579.00,chignik
1918,1542707.00,21118.00,396125.00,343886.00,chignik
1919,884938.00,34931.00,4807.00,136754.00,chignik
1920,1772710.00,22493.00,297826.00,152206.00,chignik
1921,1828857.00,13251.00,30620.00,220721.00,chignik
1922,1248763.00,14952.00,359510.00,212789.00,chignik
1923,642872.00,18574.00,9235.00,87668.00,chignik
1924,877343.00,94433.00,1014992.00,110793.00,chignik
1925,712658.00,30049.00,42704.00,102121.00,chignik
1926,510718.00,31842.00,677026.00,265168.00,chignik
1927,456263.00,101422.00,186710.00,171467.00,chignik
1928,785740.00,65703.00,45863.00,122552.00,chignik
1929,1048984.00,36762.00,72733.00,185265.00,chignik
1930,20768.00,18809.00,67515.00,50437.00,chignik
1931,714979.00,39919.00,169561.00,45644.00,chignik
1932,1578124.00,25272.00,812337.00,50399.00,chignik
1933,595501.00,52745.00,325088.00,119823.00,chignik
1934,1108332.00,26995.00,536589.00,134036.00,chignik
1935,619330.00,18143.00,373112.00,190873.00,chignik
1936,980925.00,39763.00,596581.00,114497.00,chignik
1937,629318.00,19378.00,1205410.00,122928.00,chignik
1938,410989.00,23695.00,223314.00,71384.00,chignik
1939,1482079.00,8834.00,272956.00,78707.00,chignik
1940,250435.00,219.00,86845.00,24711.00,chignik
1941,653909.00,30867.00,326641.00,161890.00,chignik
1942,658503.00,11603.00,486106.00,150770.00,chignik
1943,1247818.00,20092.00,96346.00,51992.00,chignik
1944,401977.00,14238.00,568090.00,67311.00,chignik
1945,220953.00,7866.00,441879.00,135973.00,chignik
1946,869020.00,6621.00,906744.00,265470.00,chignik
1947,2084824.00,4610.00,472327.00,71829.00,chignik
1948,370329.00,937.00,1071556.00,368966.00,chignik
1949,542545.00,6009.00,91528.00,129139.00,chignik
1950,353192.00,14620.00,616696.00,92137.00,chignik
1951,259017.00,7464.00,19406.00,26499.00,chignik
1952,127068.00,9400.00,81502.00,151674.00,chignik
1953,295187.00,1370.00,136851.00,229764.00,chignik
1954,91566.00,195.00,348203.00,123733.00,chignik
1955,352556.00,167.00,822537.00,291016.00,chignik
1956,670140.00,5179.00,177304.00,266860.00,chignik
1957,304788.00,5334.00,305109.00,216190.00,chignik
1958,320131.00,403.00,130916.00,189077.00,chignik
1959,428022.00,4814.00,67042.00,187079.00,chignik
1960,710349.00,7665.00,198368.00,152191.00,chignik
1961,323459.00,3095.00,445256.00,183170.00,chignik
1962,364753.00,1293.00,1518366.00,364452.00,chignik
1963,408606.00,9933.00,1662363.00,112697.00,chignik
1964,557806.00,2230.00,1683410.00,333755.00,chignik
1965,630587.00,9163.00,1118157.00,120605.00,chignik
1966,222065.00,15019.00,683746.00,238913.00,chignik
1967,467874.00,9375.00,108981.00,75543.00,chignik
1968,878449.00,2200.00,1290660.00,223861.00,chignik
1969,310063.00,18130.00,1779569.00,67785.00,chignik
1970,1325811.00,15348.00,1287827.00,464607.00,chignik
1971,1016136.00,14557.00,612290.00,353952.00,chignik
1972,378669.00,19615.00,72240.00,78356.00,chignik
1973,870354.00,22322.00,25472.00,8717.00,chignik
1974,662905.00,12245.00,70017.00,34454.00,chignik
1975,399593.00,53283.00,66165.00,25161.00,chignik
1976,1163728.00,35167.00,395287.00,81403.00,chignik
1977,1972207.00,17430.00,604806.00,110452.00,chignik
1978,1576283.00,20212.00,985114.00,120889.00,chignik
1979,1049691.00,99129.00,1905198.00,188907.00,chignik
1980,859966.00,119573.00,1093184.00,252521.00,chignik
1981,1839469.00,78805.00,1162613.00,580332.00,chignik
1982,1522482.00,303341.00,873390.00,390096.00,chignik
1983,1824175.00,61927.00,321178.00,159412.00,chignik
1984,2660619.00,110128.00,444804.00,63303.00,chignik
1985,922151.00,191188.00,160128.00,22806.00,chignik
1986,1645834.00,116633.00,647125.00,176640.00,chignik
1987,1898838.00,150414.00,246775.00,127261.00,chignik
1988,795841.00,370410.00,2997159.00,267126.00,chignik
1989,1159287.00,68233.00,27712.00,1624.00,chignik
1990,2093650.00,130131.00,550008.00,270004.00,chignik
1991,1899294.00,165641.00,1169298.00,261422.00,chignik
1992,1277449.00,310943.00,1554073.00,222134.00,chignik
1993,1697351.00,229459.00,1648377.00,122360.00,chignik
1994,1617990.00,231291.00,431004.00,227077.00,chignik
1995,1724045.00,281518.00,2057998.00,380954.00,chignik
1996,1958393.00,193246.00,189068.00,120891.00,chignik
1997,770347.00,90908.00,844431.00,155905.00,chignik
1998,1054439.00,129539.00,776988.00,128996.00,chignik
1999,3116527.00,89610.00,1698651.00,140597.00,chignik
2000,1775225.00,123222.00,428064.00,120957.00,chignik
2001,1511587.00,131448.00,1281767.00,199003.00,chignik
2002,1050553.00,49372.00,66050.00,54559.00,chignik
2003,1100297.00,103896.00,502638.00,64044.00,chignik
2004,704652.00,37.00,2380.00,505.00,chignik
2005,1152133.00,6956.00,194045.00,8821.00,chignik
2006,902709.00,39221.00,383547.00,61630.00,chignik
2007,834547.00,73277.00,2019748.00,78553.00,chignik
2008,687270.00,161536.00,2389958.00,209325.00,chignik
2009,1198105.00,110373.00,1408339.00,256425.00,chignik
2010,1379785.00,159198.00,489781.00,581329.00,chignik
2011,2497004.00,76792.00,905166.00,269503.00,chignik
2012,1800121.00,33316.00,137706.00,171112.00,chignik
2013,2405151.00,32312.00,871597.00,154965.00,chignik
2014,620339.00,132459.00,352115.00,55152.00,chignik
2015,1552495.00,82054.00,1978211.00,101017.00,chignik
2016,1385673.00,94317.00,139622.00,118418.00,chignik
2017,897489.00,226829.00,7077924.00,609236.00,chignik
2018,128.00,1.00,6.00,924.00,chignik
2019,614000.00,219000.00,2236000.00,0.00,chignik
2020,0.00,0.00,0.00,0.00,chignik
2021,118785.00,84452.00,1312454.00,43187.00,chignik
2022,334704.00,40099.00,1043282.00,70886.00,chignik
2023,1068666.00,52119.00,2158377.00,108098.00,chignik
2024,277597.00,68616.00,918069.00,65496.00,chignik
